友谊地久天长,赶紧请我吃,冰棍,让友谊的小船重新扬帆起航…,0.99,请你吃
友谊地久天长,赶紧送我一个,电灯泡,让友谊的小船重新扬帆起航…,0.99,送你一个
友谊地久天长,赶紧请我吃,鸡腿,让友谊的小船重新扬帆起航…,0.99,请你吃
友谊地久天长,赶紧送我一卷,卷纸,让友谊的小船重新扬帆起航…,0.99,送你一卷
友谊地久天长,赶紧请我吃,辣条,让友谊的小船重新扬帆起航…,0.99,请你吃
友谊地久天长,赶紧送我一盒,脑残片,让友谊的小船重新扬帆起航…,0.99,送你一盒
友谊地久天长,赶紧请我吃,烧烤,让友谊的小船重新扬帆起航…,0.99,请你吃
友谊地久天长,赶紧请我吃,小龙虾,让友谊的小船重新扬帆起航…,0.99,请你吃
友谊地久天长,赶紧请我吃,茶叶蛋,让友谊的小船重新扬帆起航…,0.99,请你吃
友谊地久天长,赶紧请我吃,大闸蟹,让友谊的小船重新扬帆起航…,0.99,请你吃
友谊地久天长,赶紧送我一个,蛋糕,让友谊的小船重新扬帆起航…,0.99,送你一个
友谊地久天长,赶紧请我吃,饭,让友谊的小船重新扬帆起航…,0.99,请你吃
友谊地久天长,赶紧来个,拥抱,让友谊的小船重新扬帆起航…,0.99,送你个
友谊地久天长,送我一个,芒果,让友谊的小船重新扬帆起航…,0.99,送你一个
友谊地久天长,送我一个,奶瓶,让友谊的小船重新扬帆起航…,0.99,送你一个
友谊地久天长,赶紧送我一盒,脑白金,让友谊的小船重新扬帆起航…,0.99,送你一盒
友谊地久天长,送我一个,水蜜桃,让友谊的小船重新扬帆起航…,0.99,送你一个
友谊地久天长,送我一个,西瓜,让友谊的小船重新扬帆起航…,0.99,送你一个
友谊地久天长,赶紧请我喝,可乐,让友谊的小船重新扬帆起航…,0.99,请你喝
友谊地久天长,送我一个,水杯,让友谊的小船重新扬帆起航…,0.99,送你一个
友谊地久天长,赶紧送我一支,笔,让友谊的小船重新扬帆起航…,0.99,送你一支
友谊地久天长,赶紧送我一个,布娃娃,让友谊的小船重新扬帆起航…,0.99,送你一个
友谊地久天长,赶紧送我一朵,鲜花,让友谊的小船重新扬帆起航…,0.99,送你一朵
友谊地久天长,送我一个,榴莲,让友谊的小船重新扬帆起航…,1.99,送你一个
友谊地久天长,送我一个,单反,让友谊的小船重新扬帆起航…,1.99,送你一个
友谊地久天长,送我一支,口红,让友谊的小船重新扬帆起航…,1.99,送你一支
友谊地久天长,赶紧送我一个,马桶,让友谊的小船重新扬帆起航…,1.99,送你一个
友谊地久天长,赶紧送我一袋,奶粉,让友谊的小船重新扬帆起航…,1.99,送你一袋
友谊地久天长,赶紧送我一本,书,让友谊的小船重新扬帆起航…,1.99,送你一本
友谊地久天长,送我一个,婴儿车,让友谊的小船重新扬帆起航…,1.99,送你一个
友谊地久天长,赶紧送我一瓶,BB霜,让友谊的小船重新扬帆起航…,1.99,送你一瓶
友谊地久天长,赶紧送我一块,玉,让友谊的小船重新扬帆起航…,1.99,送你一块
友谊地久天长,赶紧请我吃,冰淇淋,让友谊的小船重新扬帆起航…,1.99,请你吃
友谊地久天长,赶紧来个,么么哒,让友谊的小船重新扬帆起航…,1.99,送你个
友谊地久天长,赶紧送我一个,小礼物,让友谊的小船重新扬帆起航…,1.99,送你一个
友谊地久天长,赶紧请我吃,火锅,让友谊的小船重新扬帆起航…,1.99,请你吃
友谊地久天长,赶紧请我喝,酒,让友谊的小船重新扬帆起航…,1.99,请你喝
友谊地久天长,发我999的红包！,红包,让友谊的小船重新扬帆起航…,1.99,给你发999的红包
友谊地久天长,赶紧送我一辆,摩托,让友谊的小船重新扬帆起航…,1.99,送你一辆
友谊地久天长,送我一架,钢琴,让友谊的小船重新扬帆起航…,2.99,送你一架
友谊地久天长,赶紧请我,KTV,让友谊的小船重新扬帆起航…,2.99,请你
友谊地久天长,赶紧送我一只,狗狗,让友谊的小船重新扬帆起航…,2.99,送你一只
友谊地久天长,赶紧送我一本,九阴真经,让友谊的小船重新扬帆起航…,2.99,送你一本
友谊地久天长,赶紧请我看,看电影,让友谊的小船重新扬帆起航…,2.99,请你看
友谊地久天长,送我一个,电视机,让友谊的小船重新扬帆起航…,3.99,送你一个
友谊地久天长,赶紧送我一台,电脑,让友谊的小船重新扬帆起航…,3.99,送你一台
友谊地久天长,送我一部,苹果7,让友谊的小船重新扬帆起航…,3.99,送你一部
友谊地久天长,赶紧送我一个,LV,让友谊的小船重新扬帆起航…,4.99,送你一个
友谊地久天长,赶紧送我一辆,宝马,让友谊的小船重新扬帆起航…,5.99,送你一辆
友谊地久天长,赶紧送我一辆,奔驰,让友谊的小船重新扬帆起航…,6.99,送你一辆
友谊地久天长,送我一辆,奥迪,让友谊的小船重新扬帆起航…,7.99,送你一辆
友谊地久天长,送我一辆,法拉利,让友谊的小船重新扬帆起航…,8.99,送你一辆
友谊地久天长,送我一辆,兰博基尼,让友谊的小船重新扬帆起航…,8.99,送你一辆
友谊地久天长,送我一辆,玛莎拉蒂,让友谊的小船重新扬帆起航…,8.99,送你一辆
友谊地久天长,送我一架,飞机,让友谊的小船重新扬帆起航…,9.99,送你一架
友谊地久天长,赶紧送我一座,岛,让友谊的小船重新扬帆起航…,9.99,送你一座
友谊地久天长,赶紧送我一幢,房子,让友谊的小船重新扬帆起航…,9.99,送你一幢
友谊地久天长,赶紧送我一栋,别墅,让友谊的小船重新扬帆起航…,9.99,送你一栋
友谊地久天长,赶紧送我一桶,机油,让友谊的小船重新扬帆起航…,2.99,送你一桶
友谊地久天长,赶紧送我一瓶,香水,让友谊的小船重新扬帆起航…,0.99,送你一瓶
友谊地久天长,赶紧送我一个,雨刮器,让友谊的小船重新扬帆起航…,0.19,送你一个
友谊地久天长,赶紧送我一个,空调滤芯,让友谊的小船重新扬帆起航…,0.29,送你一个
友谊地久天长,赶紧送我一个,机油滤芯,让友谊的小船重新扬帆起航…,0.39,送你一个
友谊地久天长,赶紧送我一个,空气滤芯,让友谊的小船重新扬帆起航…,0.49,送你一个
友谊地久天长,赶紧送我一个,刹车片,让友谊的小船重新扬帆起航…,0.59,送你一个
友谊地久天长,赶紧送我一个,刹车盘,让友谊的小船重新扬帆起航…,0.69,送你一个
友谊地久天长,赶紧送我一个,火花塞,让友谊的小船重新扬帆起航…,0.79,送你一个
友谊地久天长,赶紧送我一个,汽车方向盘,让友谊的小船重新扬帆起航…,0.89,送你一个
友谊地久天长,赶紧送我一个,车轮,让友谊的小船重新扬帆起航…,0.99,送你一个
友谊地久天长,赶紧送我一个,空气净化器,让友谊的小船重新扬帆起航…,1.09,送你一个
友谊地久天长,赶紧送我一个,吸尘器,让友谊的小船重新扬帆起航…,1.19,送你一个
友谊地久天长,赶紧送我一个,车载冰箱,让友谊的小船重新扬帆起航…,1.29,送你一个
友谊地久天长,赶紧送我一个,车载MP3蓝牙,让友谊的小船重新扬帆起航…,1.39,送你一个
友谊地久天长,赶紧送我一个,逆变器,让友谊的小船重新扬帆起航…,1.49,送你一个
友谊地久天长,赶紧送我一个,手机充电器,让友谊的小船重新扬帆起航…,1.59,送你一个
友谊地久天长,赶紧送我一个,车载蓝牙,让友谊的小船重新扬帆起航…,1.69,送你一个
友谊地久天长,赶紧送我一个,剃须刀,让友谊的小船重新扬帆起航…,1.79,送你一个
友谊地久天长,赶紧送我一个,吹风机,让友谊的小船重新扬帆起航…,1.89,送你一个
友谊地久天长,赶紧送我一个,电动牙刷,让友谊的小船重新扬帆起航…,1.99,送你一个
友谊地久天长,赶紧送我一个,体重秤,让友谊的小船重新扬帆起航…,2.09,送你一个
友谊地久天长,赶紧送我一个,理发器,让友谊的小船重新扬帆起航…,2.19,送你一个
友谊地久天长,赶紧送我一个,足浴器,让友谊的小船重新扬帆起航…,2.29,送你一个
友谊地久天长,赶紧送我一个,按摩椅,让友谊的小船重新扬帆起航…,2.39,送你一个
友谊地久天长,赶紧送我一个,聚拢文胸,让友谊的小船重新扬帆起航…,2.59,送你一个
友谊地久天长,赶紧送我一个,运动文胸,让友谊的小船重新扬帆起航…,2.69,送你一个
友谊地久天长,赶紧送我一个,性感蕾丝,让友谊的小船重新扬帆起航…,2.79,送你一个
友谊地久天长,赶紧送我一个,塑身上衣,让友谊的小船重新扬帆起航…,2.99,送你一个
友谊地久天长,赶紧送我一个,塑身连体衣,让友谊的小船重新扬帆起航…,3.09,送你一个
友谊地久天长,赶紧送我一条,连衣裙,让友谊的小船重新扬帆起航…,3.29,送你一条
友谊地久天长,赶紧送我一条,蕾丝连衣裙,让友谊的小船重新扬帆起航…,3.39,送你一条
友谊地久天长,赶紧送我一条,印花连衣裙,让友谊的小船重新扬帆起航…,3.49,送你一条
友谊地久天长,赶紧送我一条,真丝连衣裙,让友谊的小船重新扬帆起航…,3.59,送你一条
友谊地久天长,赶紧送我一条,半身裙,让友谊的小船重新扬帆起航…,3.69,送你一条
友谊地久天长,赶紧送我一条,百褶裙,让友谊的小船重新扬帆起航…,3.79,送你一条
友谊地久天长,赶紧送我一条,牛仔裙,让友谊的小船重新扬帆起航…,3.89,送你一条
友谊地久天长,赶紧送我一条,背心裙,让友谊的小船重新扬帆起航…,3.99,送你一条
友谊地久天长,赶紧送我一条,棉麻连衣裙,让友谊的小船重新扬帆起航…,4.19,送你一条
友谊地久天长,赶紧送我一条,蕾丝半身裙,让友谊的小船重新扬帆起航…,4.29,送你一条
友谊地久天长,赶紧送我一条,包臀裙,让友谊的小船重新扬帆起航…,4.39,送你一条
友谊地久天长,赶紧送我一条,连衣裙,让友谊的小船重新扬帆起航…,4.59,送你一条